,labels
No label,16857
exchange,26
huobi exchange,18
mining,15
contract-deployer,14
eth2-depositor,6
wallet-app,5
binance exchange,4
sybil-delegate,4
huobi old-contract,4
poloniex exchange,3
gitcoin-grantee,2
bitmart exchange,2
kucoin exchange,2
old-contract,2
bithumb old-contract,2
hitbtc exchange,2
upbit exchange,2
latoken exchange,1
fiat-gateway,1
fiat-gateway exchange,1
bitcoinsov,1
celsius-network contract-deployer,1
shapeshift exchange,1
gate-io exchange derivatives,1
coinone exchange,1
dex 0x-ecosystem,1
kraken exchange,1
coinmetro exchange,1
wbtc-merchant,1
remitano exchange,1
closure,1
gnosis-safe,1
nexo,1
idex dex,1
crypto-com exchange,1
bridge,1
gambling,1
coinlist,1
miningpoolhub old-contract,1
huobi exchange derivatives otc,1
deversifi old-contract,1
liquid exchange,1
crex24 exchange,1
bittrex exchange,1
f2pool mining,1
synthetix oracle,1
coinhako old-contract,1
dex,1
axie-infinity contract-deployer,1
ftx exchange,1
gemini exchange fiat-gateway,1
bitfinex exchange,1
cobinhood exchange,1
bitpie,1
contract-deployer gitcoin-grantee,1
cold-wallet,1
hydro-protocol dex,1
pundi-x hot-wallet,1
payments,1
hotbit exchange,1
digifinex exchange otc,1
bitstamp exchange,1
ascendex exchange derivatives,1
topbtc exchange,1
bitcoinsov contract-deployer,1
huobi mining,1
okex exchange derivatives,1
